{
  "name": "โซเดียมไทโอซัลเฟต (sodium thiosulfate)",
  "category": "ผงสําหรับละลายนํ้า",
  "section_1_1_name": "• ยานี้มีชื่อว่า โซเดียมไทโอซัลเฟต (sodium thiosulfate)",
  "section_1_2_purpose": "• ยานี้ใช้เพื่อรักษาเกลื้อน",
  "section_2_1_contraindications": "• เคยแพ้ยานี้ หรือ ส่วนประกอบของยานี้",
  "section_2_2_warnings": "• ตั้งท้อง วางแผนจะตั้งท้อง หรืออยู่ระหว่างให้นมลูก • ใช้ยา สมุนไพร หรืออาหารเสริมอื่นอยู่ “สอบถามแพทย์หรือเภสัชกร ถ้าไม่แน่ใจว่ามีภาวะดังกล่าวหรือไม่”",
  "section_3_1_dosage": "• เติมนํ้าสะอาดจนถึงคอขวด เขย่าผสมกันจนตัวยา ละลายหมด • ทายาบนผิวหนังบริเวณที่มีอาการ ทุกครั้งหลังอาบนํ้า เสร็จ • ยานี้สําหรับใช้ภายนอกเท่านั้น • ห้ามกินยานี้เด็ดขาด",
  "section_3_2_missed_dose": "• ทายานี้ทันทีที่นึกขึ้นได้ แต่ถ้าใกล้กับครั้งถัดไปให้ ข้ามไปทายาในครั้งถัดไป • ห้ามเพิ่มขนาดยาเพื่อชดเชยยาที่ลืม",
  "section_3_3_overdose": "• ให้สังเกตอาการอย่างใกล้ชิด หากมีอาการผิดปกติที่ รุนแรง ให้รีบนําส่งโรงพยาบาลทันที",
  "section_4_precautions": "• ล้างมือให้สะอาดทุกครั้งก่อนและหลังใช้ยา • ในกรณีที่มีการกินยานี้ ให้รีบนําตัวส่งโรงพยาบาลทันที • หากใช้ยานี้แล้วอาการแย่ลงหรือไม่ดีขึ้น ควรปรึกษา แพทย์หรือเภสัชกร",
  "section_5_1_severe_effects": "• บวมที่ใบหน้า เปลือกตา ริมฝีปาก ลมพิษ • หน้ามืด เป็นลม แน่นหน้าอก หายใจลําบาก • ผิวหนังลอก ผื่นแดง ตุ่มพอง มีจํ้าตามผิวหนัง",
  "section_5_2_mild_effects": "• แสบ ร้อน บริเวณที่ทายา",
  "section_6_storage": "• เก็บยาในบรรจุภัณฑ์เดิมตามที่ได้รับมา • เก็บยาในที่แห้ง อย่าให้โดนแสงโดยตรง ควรเก็บที่ อุณหภูมิไม่เกิน 30 องศาเซลเซียส [ปรับตามทะเบียน ยา] ไม่ควรเก็บยาในที่ร้อนหรือชื้น เช่น ในรถ ห้องนํ้า ห้องครัว • ยาที่ผสมนํ้าแล้วจะมีอายุ 15 วัน • เก็บยาให้พ้นมือเด็ก",
  "section_7_appearance_ingredients": "• ยามีลักษณะ เป็นผงยา สําหรับผสมกับนํ้า • ตัวยาสําคัญ คือ โซเดียมไทโอซัลเฟต (sodium thiosulfate) • ขนาดบรรจุ ภาชนะบรรจุขนาดไม่เกิน 15 กรัม (ตามที่ขึ้นทะเบียน) ยารักษาเกลื้อน โซเดียมไทโอซัลเฟต ชนิดผงสําหรับละลายนํ้า สําหรับทา [ชื่อการค้า ปรับตามทะเบียนยา] ยาใช้ภายนอก ห้ามรับประทาน เอกสารนี้เป็นข้อมูลโดยย่อ หากมีข้อสงสัยให้ปรึกษาแพทย์หรือเภสัชกร เอกสารฉบับนี้ปรับปรุงครั้งล่าสุด 15 มีนาคม 2567 ศึกษาข้อมูลยาเพิ่มเติมทางเว็บไซต์ของ อย. แสดง URL หรือ QR code ที่เชื่อมมายังเว็บไซต์ของ อย."
}